name,playtime,Game_ids,Steam_id
Day of Defeat: Source,0,300,76561198034646814
Half-Life 2,1734,220,76561198057012202
Half-Life 2: Lost Coast,28,340,76561198057012202
Counter-Strike: Source,5378,240,76561198057012202
Half-Life: Source,36,280,76561198057012202
Half-Life Deathmatch: Source,0,360,76561198057012202
Team Fortress Classic,8,20,76561198057012202
Half-Life: Opposing Force,336,50,76561198057012202
Half-Life,875,70,76561198057012202
Half-Life: Blue Shift,184,130,76561198057012202
Counter-Strike,6,10,76561198057012202
Day of Defeat,0,30,76561198057012202
Deathmatch Classic,0,40,76561198057012202
Ricochet,10,60,76561198057012202
Counter-Strike: Condition Zero,0,80,76561198057012202
Counter-Strike: Condition Zero Deleted Scenes,0,100,76561198057012202
Red Orchestra: Ostfront 41-45,11,1200,76561198057012202
Mare Nostrum,4,1230,76561198057012202
Darkest Hour: Europe '44-'45,1,1280,76561198057012202
Half-Life 2: Deathmatch,0,320,76561198057012202
Half-Life 2: Episode One,480,380,76561198057012202
Shadowgrounds,0,2500,76561198057012202
The Ship,3,2400,76561198057012202
The Ship Single Player,0,2420,76561198057012202
The Ship Tutorial,0,2430,76561198057012202
Advent Rising,0,3800,76561198057012202
Dark Messiah of Might & Magic Single Player,0,2100,76561198057012202
Dark Messiah of Might & Magic Multi-Player,0,2130,76561198057012202
Prey,853,3970,76561198057012202
Garry's Mod,6482,4000,76561198057012202
Vampire: The Masquerade - Bloodlines,0,2600,76561198057012202
Deus Ex: Game of the Year Edition,62,6910,76561198057012202
Deus Ex: Invisible War,0,6920,76561198057012202
Project: Snowblind,0,7010,76561198057012202
Rogue Trooper,0,7020,76561198057012202
Geometry Wars: Retro Evolved,0,8400,76561198057012202
Lost Planet: Extreme Condition,469,6510,76561198057012202
HeXen: Beyond Heretic,0,2360,76561198057012202
HeXen: Deathkings of the Dark Citadel,0,2370,76561198057012202
Heretic: Shadow of the Serpent Riders,0,2390,76561198057012202
HeXen II,70,9060,76561198057012202
Rome: Total War,0,4760,76561198057012202
S.T.A.L.K.E.R.: Shadow of Chernobyl,1401,4500,76561198057012202
UFO: Afterlight - Old Version,0,7500,76561198057012202
UFO: Afterlight,0,237950,76561198057012202
Portal,337,400,76561198057012202
Call of Juarez,394,3020,76561198057012202
Max Payne,643,12140,76561198057012202
Max Payne 2: The Fall of Max Payne,408,12150,76561198057012202
Audiosurf,2501,12900,76561198057012202
Assassin's Creed,881,15100,76561198057012202
Tom Clancy's Ghost Recon: Advanced Warfighter,200,13640,76561198057012202
Tom Clancy's Ghost Recon: Advanced Warfighter 2,0,13510,76561198057012202
Space Trader: Merchant Marine,0,11240,76561198057012202
Crysis,504,17300,76561198057012202
Crysis Warhead,239,17330,76561198057012202
Crysis Wars,0,17340,76561198057012202
The Witcher: Enhanced Edition,4719,20900,76561198057012202
City Life 2008,0,4460,76561198057012202
Left 4 Dead,418,500,76561198057012202
Bully: Scholarship Edition,320,12200,76561198057012202
Saints Row 2,1707,9480,76561198057012202
Tomb Raider: Underworld,0,8140,76561198057012202
Legendary,59,16730,76561198057012202
Dead Space,1499,17470,76561198057012202
Mirror's Edge,364,17410,76561198057012202
Penumbra: Black Plague,0,22120,76561198057012202
Penumbra: Requiem,0,22140,76561198057012202
Perimeter 2: New Earth,0,12420,76561198057012202
The Last Remnant,0,23310,76561198057012202
Penumbra: Overture,0,22180,76561198057012202
Burnout Paradise: The Ultimate Box,133,24740,76561198057012202
Judge Dredd: Dredd vs Death,0,3710,76561198057012202
Zeno Clash,0,22200,76561198057012202
King's Bounty: The Legend,0,25900,76561198057012202
Prototype,47,10150,76561198057012202
The Elder Scrolls IV: Oblivion ,746,22330,76561198057012202
The Elder Scrolls III: Morrowind,816,22320,76561198057012202
Spore,387,17390,76561198057012202
Spore: Galactic Adventures,0,24720,76561198057012202
Call of Juarez: Bound in Blood,142,21980,76561198057012202
Killing Floor,0,1250,76561198057012202
Killing Floor Mod: Defence Alliance 2,0,35420,76561198057012202
Trine,78,35700,76561198057012202
Bionic Commando Rearmed,0,21680,76561198057012202
Bad Rats,80,34900,76561198057012202
Bionic Commando,0,21670,76561198057012202
East India Company,0,25930,76561198057012202
Red Faction,224,20530,76561198057012202
Red Faction II,17,20550,76561198057012202
Fallout,1287,38400,76561198057012202
Fallout 2,0,38410,76561198057012202
Fallout Tactics,0,38420,76561198057012202
Crash Time II,44,11390,76561198057012202
"Time Gentlemen, Please!",0,37400,76561198057012202
"Ben There, Dan That!",0,37420,76561198057012202
Resident Evil 5 / Biohazard 5,0,21690,76561198057012202
Nation Red,0,39800,76561198057012202
Section 8,0,38220,76561198057012202
Red Faction: Guerrilla Steam Edition,457,20500,76561198057012202
Red Faction Guerrilla Re-Mars-tered,84,667720,76561198057012202
Risen,25,40300,76561198057012202
Command and Conquer: Red Alert 3 - Uprising,0,24800,76561198057012202
Metal Drift,58,32200,76561198057012202
Tropico 3 - Steam Special Edition,69,23490,76561198057012202
Magnetis,0,37500,76561198057012202
Serious Sam HD: The First Encounter,325,41000,76561198057012202
Serious Sam Fusion 2017 (beta),0,564310,76561198057012202
Aliens vs. Predator,509,10680,76561198057012202
DiRT 2,0,12840,76561198057012202
Fallout 3 - Game of the Year Edition,1718,22370,76561198057012202
Zero Gear,2,18820,76561198057012202
Secret of the Magic Crystal,121,45100,76561198057012202
Greed: Black Border,0,46400,76561198057012202
Aliens versus Predator Classic 2000,0,3730,76561198057012202
Supreme Commander 2,0,40100,76561198057012202
Far Cry,299,13520,76561198057012202
Far Cry 2,118,19900,76561198057012202
Shadowgrounds: Survivor,0,11200,76561198057012202
Mount & Blade,0,22100,76561198057012202
King's Bounty: Armored Princess,0,3170,76561198057012202
Cryostasis,104,7850,76561198057012202
Sonic and SEGA All Stars Racing,0,34190,76561198057012202
Assassin's Creed II,3227,33230,76561198057012202
Lead and Gold - Gangs of the Wild West,0,42120,76561198057012202
Just Cause 2,1876,8190,76561198057012202
Avencast,0,46410,76561198057012202
Commandos: Behind Enemy Lines,0,6800,76561198057012202
Commandos: Beyond the Call of Duty,0,6810,76561198057012202
Commandos 2: Men of Courage,0,6830,76561198057012202
Commandos 3: Destination Berlin,2,6840,76561198057012202
Tom Clancy's Splinter Cell,441,13560,76561198057012202
Tom Clancy's Splinter Cell: Chaos Theory,11,13570,76561198057012202
Tom Clancy's Splinter Cell: Double Agent,0,13580,76561198057012202
Tom Clancy's Splinter Cell: Conviction,0,33220,76561198057012202
Serious Sam HD: The Second Encounter,19,41010,76561198057012202
Metro 2033,1126,43110,76561198057012202
Flight of the Icarus,0,49800,76561198057012202
Chrome,20,46420,76561198057012202
Chrome: Specforce,0,46430,76561198057012202
Fortix,0,45400,76561198057012202
F.E.A.R.,562,21090,76561198057012202
F.E.A.R.: Extraction Point,267,21110,76561198057012202
F.E.A.R.: Perseus Mandate,356,21120,76561198057012202
Mafia II,1095,50130,76561198057012202
Greed Corp,0,48950,76561198057012202
Grand Theft Auto III,263,12100,76561198057012202
Grand Theft Auto: Vice City,108,12110,76561198057012202
Grand Theft Auto: San Andreas,2002,12120,76561198057012202
Grand Theft Auto,10,12170,76561198057012202
Grand Theft Auto 2,19,12180,76561198057012202
Grand Theft Auto IV,16,12210,76561198057012202
Grand Theft Auto: Episodes from Liberty City,0,12220,76561198057012202
Grand Theft Auto III,0,12230,76561198057012202
Grand Theft Auto: Vice City,0,12240,76561198057012202
Grand Theft Auto: San Andreas,0,12250,76561198057012202
Numen: Contest of Heroes,8,60800,76561198057012202
Kane & Lynch 2: Dog Days,0,28000,76561198057012202
Razor2: Hidden Skies,0,34920,76561198057012202
Victoria II,0,42960,76561198057012202
Blade Kitten,0,9940,76561198057012202
Sid Meier's Civilization V,79,8930,76561198057012202
Lara Croft and the Guardian of Light,0,35130,76561198057012202
Hacker Evolution,0,70100,76561198057012202
The Scourge Project: Episode 1 and 2,196,36700,76561198057012202
Scourge: Outbreak,0,227560,76561198057012202
ProtoGalaxy,0,60600,76561198057012202
Blackwell Deception,121,80360,76561198057012202
Dragon Age: Origins - Ultimate Edition,2416,47810,76561198057012202
Crazy Machines 2,0,18400,76561198057012202
Zeit²,0,33390,76561198057012202
LEGO® Harry Potter: Years 1-4,952,21130,76561198057012202
Two Worlds II,0,7520,76561198057012202
Poker Night at the Inventory,127,31280,76561198057012202
Universe Sandbox Legacy,0,72200,76561198057012202
Nail'd,115,40380,76561198057012202
Oddworld: Abe's Oddysee,29,15700,76561198057012202
Oddworld: Abe's Exoddus,0,15710,76561198057012202
Oddworld: Munch's Oddysee,0,15740,76561198057012202
Oddworld: Stranger's Wrath HD,0,15750,76561198057012202
LEGO® Batman™: The Videogame,588,21000,76561198057012202
SEGA Mega Drive & Genesis Classics,0,34270,76561198057012202
A.R.E.S.,96,92300,76561198057012202
Back to the Future: Ep 1 - It's About Time,171,31290,76561198057012202
Back to the Future: Ep 2 - Get Tannen!,144,94500,76561198057012202
Back to the Future: Ep 3 - Citizen Brown,137,94510,76561198057012202
Back to the Future: Ep 4 - Double Visions,136,94520,76561198057012202
Back to the Future: Ep 5 - OUTATIME,130,94530,76561198057012202
Dead Space 2,1120,47780,76561198057012202
Titan Quest,0,4540,76561198057012202
Titan Quest Anniversary Edition,0,475150,76561198057012202
Iron Grip: Warlord,83,31700,76561198057012202
F.E.A.R. 3,0,21100,76561198057012202
Magicka,214,42910,76561198057012202
Bulletstorm,369,99810,76561198057012202
Homefront,309,55100,76561198057012202
Men of War: Assault Squad,0,64000,76561198057012202
SpaceChem,0,92800,76561198057012202
Garshasp: The Monster Slayer,35,99400,76561198057012202
Post Apocalyptic Mayhem,5,91900,76561198057012202
Atom Zombie Smasher ,0,55040,76561198057012202
Assassin's Creed Brotherhood,1458,48190,76561198057012202
Sanctum,301,91600,76561198057012202
Alien Breed: Impact,0,22610,76561198057012202
Alien Breed 2: Assault,0,22650,76561198057012202
Alien Breed 3: Descent,0,22670,76561198057012202
Capsized,0,95300,76561198057012202
Operation Flashpoint: Red River,0,44340,76561198057012202
Dino D-Day,3,70000,76561198057012202
Portal 2,2292,620,76561198057012202
Galactic Arms Race,0,249610,76561198057012202
Anomaly Warzone Earth,0,91200,76561198057012202
Worms Reloaded,0,22600,76561198057012202
Hamilton's Great Adventure,50,42140,76561198057012202
Terraria,1004,105600,76561198057012202
The Witcher 2: Assassins of Kings Enhanced Edition,2851,20920,76561198057012202
Portal 2 - The Final Hours,54,104600,76561198057012202
Hydrophobia: Prophecy,0,92000,76561198057012202
Puzzle Agent,98,31270,76561198057012202
Frozen Synapse,0,98200,76561198057012202
The Sims(TM) Medieval,967,102820,76561198057012202
E.Y.E: Divine Cybermancy,0,91700,76561198057012202
Hacker Evolution Duality,0,70120,76561198057012202
Aztaka,0,37100,76561198057012202
F.E.A.R. 2: Project Origin,424,16450,76561198057012202
Solar 2,0,97000,76561198057012202
Painkiller Overdose,0,3270,76561198057012202
Dwarfs!?,0,35480,76561198057012202
Penguins Arena: Sedna's World,0,11280,76561198057012202
Syberia,0,46500,76561198057012202
Syberia 2,0,46510,76561198057012202
Eschalon: Book 1,0,25600,76561198057012202
Eschalon: Book 2,0,25620,76561198057012202
EDGE,0,38740,76561198057012202
Driver San Francisco,387,33440,76561198057012202
Borderlands GOTY,2083,8980,76561198057012202
Borderlands GOTY Enhanced,0,729040,76561198057012202
Kane & Lynch: Dead Men,81,8080,76561198057012202
Dungeons of Dredmor,292,98800,76561198057012202
Breath of Death VII ,0,107300,76561198057012202
Cthulhu Saves the World ,0,107310,76561198057012202
"Warhammer 40,000: Space Marine",0,55150,76561198057012202
Defy Gravity,2,96100,76561198057012202
Rising Storm/Red Orchestra 2 Multiplayer,0,35450,76561198057012202
Red Orchestra 2: Heroes of Stalingrad - Single Player,0,236830,76561198057012202
Dead Horde,0,27940,76561198057012202
The Lord of the Rings: War in the North,119,32800,76561198057012202
Doc Clock: The Toasted Sandwich of Time,0,57800,76561198057012202
Gatling Gears,0,102810,76561198057012202
Deus Ex: Human Revolution,1357,28050,76561198057012202
Robin Hood,0,46560,76561198057012202
Call of Juarez: The Cartel,0,33420,76561198057012202
Batman: Arkham City™,1089,57400,76561198057012202
Batman: Arkham City GOTY,0,200260,76561198057012202
The Elder Scrolls V: Skyrim,13504,72850,76561198057012202
DUNGEONS - The Dark Lord (Steam Special Edition),0,200550,76561198057012202
PAYDAY: The Heist,836,24240,76561198057012202
HOARD,0,63000,76561198057012202
Sniper: Ghost Warrior,0,34830,76561198057012202
Shank 2,0,102840,76561198057012202
Gemini Rue,0,80310,76561198057012202
Deus Ex: Human Revolution - The Missing Link,211,201280,76561198057012202
Disciples III: Resurrection,0,200670,76561198057012202
Sword of the Stars II: Enhanced Edition,0,42990,76561198057012202
RAGE,2112,9200,76561198057012202
Worms Blast,4,70650,76561198057012202
Serious Sam: The Random Encounter,0,201480,76561198057012202
Revelations 2012,11,201070,76561198057012202
L.A. Noire,3470,110800,76561198057012202
Gothic 3,0,39500,76561198057012202
Gothic II: Gold Edition,0,39510,76561198057012202
ArcaniA,0,39690,76561198057012202
Gothic,59,65540,76561198057012202
Gothic 3 Forsaken Gods Enhanced Edition,0,65600,76561198057012202
ArcaniA: Fall of Setarrif,0,65610,76561198057012202
Ignite,5,45410,76561198057012202
APOX,0,80000,76561198057012202
NightSky,0,99700,76561198057012202
Saints Row: The Third,10840,55230,76561198057012202
Grotesque Tactics 2 - Dungeons and Donuts,0,46570,76561198057012202
Darwinia,0,1500,76561198057012202
Uplink,0,1510,76561198057012202
DEFCON,0,1520,76561198057012202
Multiwinia,0,1530,76561198057012202
Jurassic Park: The Game,0,201830,76561198057012202
Serious Sam 3: BFE,299,41070,76561198057012202
Really Big Sky,0,201570,76561198057012202
Hearts of Iron III,0,25890,76561198057012202
Fractal: Make Blooms Not War,0,61310,76561198057012202
Flatout 3,0,201510,76561198057012202
Galactic Civilizations II: Ultimate Edition,0,202200,76561198057012202
Zombie Shooter 2,0,33180,76561198057012202
Zombie Shooter,0,33130,76561198057012202
Eets,3,6100,76561198057012202
Sonic Adventure DX,0,71250,76561198057012202
Sonic CD,0,200940,76561198057012202
Dear Esther,0,203810,76561198057012202
Dear Esther: Landmark Edition,82,520720,76561198057012202
Magicka: Wizard Wars,0,202090,76561198057012202
Beat Hazard,779,49600,76561198057012202
Half-Life 2: Episode Two,393,420,76561198057012202
Fable - The Lost Chapters,49,204030,76561198057012202
The Darkness II,351,67370,76561198057012202
Fallout: New Vegas,7124,22380,76561198057012202
RACE 07: Andy Priaulx Crowne Plaza Raceway,0,8650,76561198057012202
Sins of a Solar Empire: Rebellion,0,204880,76561198057012202
RoboBlitz,0,4300,76561198057012202
Snuggle Truck,0,111100,76561198057012202
Kingdoms of Amalur: Reckoning™,978,102500,76561198057012202
Toki Tori,0,38700,76561198057012202
Dungeon Defenders,1637,65800,76561198057012202
Painkiller: Recurring Evil,0,206760,76561198057012202
Hitman: Blood Money,54,6860,76561198057012202
Legend of Grimrock,405,207170,76561198057012202
Serious Sam 2,132,204340,76561198057012202
English Country Tune,0,207570,76561198057012202
Hard Reset,116,98400,76561198057012202
A Virus Named TOM,0,207650,76561198057012202
Ticket to Ride,0,108200,76561198057012202
Loadout,0,208090,76561198057012202
Pickers,0,204440,76561198057012202
Fireburst,32,207190,76561198057012202
Orcs Must Die!,0,102600,76561198057012202
Gettysburg: Armored Warfare,0,200630,76561198057012202
DiRT Showdown,0,201700,76561198057012202
iBomber Defense Pacific,0,206690,76561198057012202
Majesty: Gold Edition,0,25990,76561198057012202
Majesty Gold HD,0,73230,76561198057012202
Assassin's Creed Revelations,817,201870,76561198057012202
Nexuiz,0,96800,76561198057012202
Nexuiz Beta,0,216370,76561198057012202
Nexuiz STUPID Mode,0,225760,76561198057012202
Men of War: Condemned Heroes,0,204860,76561198057012202
Stellar Impact,170,207150,76561198057012202
Botanicula,203,207690,76561198057012202
Rune Classic,562,210950,76561198057012202
Colour Bind,3,208710,76561198057012202
Warlock - Master of the Arcane,0,203630,76561198057012202
Just Cause,3,6880,76561198057012202
The Walking Dead,1076,207610,76561198057012202
Adventures of Shuggy,0,211440,76561198057012202
Thief Gold,1,211600,76561198057012202
Mortal Kombat Kollection,0,205350,76561198057012202
Kung Fu Strike: The Warrior's Rise,0,212030,76561198057012202
The Void,0,37000,76561198057012202
Dynamite Jack,0,202730,76561198057012202
BioShock,695,7670,76561198057012202
BioShock Remastered,0,409710,76561198057012202
BioShock 2,0,8850,76561198057012202
BioShock 2 Remastered,0,409720,76561198057012202
Avernum 4,20,206020,76561198057012202
Avernum 5,0,206040,76561198057012202
Avernum 6,0,206060,76561198057012202
Offspring Fling!,223,211360,76561198057012202
Hitman: Sniper Challenge,21,205930,76561198057012202
X-COM: Terror from the Deep,0,7650,76561198057012202
X-COM: Apocalypse,0,7660,76561198057012202
X-COM: Interceptor,0,7730,76561198057012202
X-COM: UFO Defense,0,7760,76561198057012202
X-COM: Enforcer,0,7770,76561198057012202
Mad Riders,630,208860,76561198057012202
Quantum Conundrum,439,200010,76561198057012202
Alien Shooter 2 Conscription,0,211010,76561198057012202
Crysis 2 Maximum Edition,522,108800,76561198057012202
Psychonauts,185,3830,76561198057012202
LIMBO,230,48000,76561198057012202
Amnesia: The Dark Descent,267,57300,76561198057012202
Superbrothers: Sword & Sworcery EP,8,204060,76561198057012202
Bastion,352,107100,76561198057012202
Max Payne 3,523,204100,76561198057012202
Indie Game: The Movie,97,207080,76561198057012202
Braid,13,26800,76561198057012202
Super Meat Boy,78,40800,76561198057012202
Lone Survivor: The Director's Cut,11,209830,76561198057012202
Clive Barker's Jericho,0,11420,76561198057012202
FUEL,921,12800,76561198057012202
GRID,0,12750,76561198057012202
Hospital Tycoon,0,11590,76561198057012202
Operation Flashpoint: Dragon Rising,0,12830,76561198057012202
Overlord II,0,12810,76561198057012202
Rise of the Argonauts,0,12770,76561198057012202
Penny Arcade's On the Rain-Slick Precipice of Darkness 3,0,213030,76561198057012202
Dota 2 Test,0,205790,76561198057012202
Tiny and Big: Grandpa's Leftovers,0,205910,76561198057012202
Spec Ops: The Line,409,50300,76561198057012202
Dead Island,1629,91310,76561198057012202
Inversion™,0,212410,76561198057012202
Blacklight: Tango Down,0,27330,76561198057012202
Blades of Time,0,208670,76561198057012202
Ravaged Zombie Apocalypse,0,96300,76561198057012202
Alan Wake,2164,108710,76561198057012202
Alan Wake's American Nightmare,781,202750,76561198057012202
Space Rangers,2,46320,76561198057012202
Death to Spies,24,9800,76561198057012202
Death to Spies: Moment of Truth,0,34410,76561198057012202
Star Wolves,0,46270,76561198057012202
Rig 'n' Roll,97,46370,76561198057012202
Theatre of War 2: Africa 1943,0,46340,76561198057012202
Reign: Conflict of Nations,0,46380,76561198057012202
Babel Rising,0,204840,76561198057012202
Orcs Must Die! 2,0,201790,76561198057012202
Batman: Arkham Asylum GOTY Edition,617,35140,76561198057012202
The Binding of Isaac,119,113200,76561198057012202
Garshasp: Temple of the Dragon,0,99410,76561198057012202
Wanderlust: Rebirth,0,211580,76561198057012202
Sleeping Dogs™,2860,202170,76561198057012202
Awesomenauts,0,204300,76561198057012202
Galactic Civilizations I: Ultimate Edition,0,214150,76561198057012202
Death Rally,0,108700,76561198057012202
Snapshot,0,204220,76561198057012202
Telltale Texas Hold'Em,0,8330,76561198057012202
Bone: Out from Boneville,0,8310,76561198057012202
Bone: The Great Cow Race,0,8320,76561198057012202
Tryst,0,208460,76561198057012202
LEGO® Harry Potter: Years 5-7,0,204120,76561198057012202
LEGO® Batman™ 2: DC Super Heroes,0,213330,76561198057012202
Grand Ages: Rome,0,23450,76561198057012202
S.T.A.L.K.E.R.: Call of Pripyat,1192,41700,76561198057012202
Cargo! - The quest for gravity,21,41740,76561198057012202
Shadow Harvest: Phantom Ops,21,92700,76561198057012202
Air Conflicts - Secret Wars,32,95900,76561198057012202
Broken Sword 3 - the Sleeping Dragon,0,33610,76561198057012202
Kaptain Brawe,0,65080,76561198057012202
The Basement Collection,0,214790,76561198057012202
Closure,0,72000,76561198057012202
Planets Under Attack,0,218510,76561198057012202
Bloody Good Time,38,2450,76561198057012202
I Am Alive,664,214250,76561198057012202
Shatter,42,20820,76561198057012202
Torchlight,0,41500,76561198057012202
Space Pirates and Zombies,78,107200,76561198057012202
Rochard,0,107800,76561198057012202
Vessel,0,108500,76561198057012202
Gratuitous Space Battles,427,41800,76561198057012202
BIT.TRIP RUNNER,104,63710,76561198057012202
Jamestown,0,94200,76561198057012202
Wizorb,0,207420,76561198057012202
Strike Suit Zero,57,209540,76561198057012202
FTL: Faster Than Light,699,212680,76561198057012202
Mark of the Ninja,0,214560,76561198057012202
Critter Crunch,0,61730,76561198057012202
Thomas Was Alone,204,220780,76561198057012202
Worms Revolution,82,200170,76561198057012202
Worms Armageddon,32,217200,76561198057012202
Fantasy Wars,0,63900,76561198057012202
McPixel,398,220860,76561198057012202
Knights of Honor,0,25830,76561198057012202
Elven Legacy,0,25850,76561198057012202
Borderlands 2,794,49520,76561198057012202
Little Inferno,183,221260,76561198057012202
Edna & Harvey: Harvey's New Eyes,0,219910,76561198057012202
X-Blades,26,7510,76561198057012202
Crazy Machines 1.5 New from the Lab,0,18450,76561198057012202
Crazy Machines 1.5 Inventors Training Camp,0,18460,76561198057012202
Crazy Machines,0,18420,76561198057012202
King's Bounty: Warriors of the North,153,203350,76561198057012202
Fairy Bloom Freesia,0,214590,76561198057012202
The Guild II - Pirates of the European Seas,0,39660,76561198057012202
Scribblenauts Unlimited,531,218680,76561198057012202
POSTAL 2,883,223470,76561198057012202
Miasmata,0,223510,76561198057012202
Giana Sisters: Twisted Dreams,0,223220,76561198057012202
Deadlight,13,211400,76561198057012202
Natural Selection 2,0,4920,76561198057012202
Ceville,0,23460,76561198057012202
Crash Time III,0,33620,76561198057012202
Patrician III,0,33570,76561198057012202
Legacy of Kain: Defiance,0,224300,76561198057012202
Divine Divinity,149,214170,76561198057012202
Beyond Divinity,0,219760,76561198057012202
Divinity II: Developer's Cut,0,219780,76561198057012202
Pid ,0,218740,76561198057012202
Earth 2160,0,1900,76561198057012202
Two Worlds: Epic Edition,59,1930,76561198057012202
Faerie Solitaire,142,38600,76561198057012202
Faerie Solitaire Remastered,0,583930,76561198057012202
Crayon Physics Deluxe,0,26900,76561198057012202
Duke Nukem 3D: Megaton Edition,0,225140,76561198057012202
Tomb Raider II,0,225300,76561198057012202
GT Legends,0,44690,76561198057012202
Zen Bound® 2,0,61600,76561198057012202
LEGO® The Lord of the Rings™,0,214510,76561198057012202
AirBuccaneers,63,223630,76561198057012202
Hitman: Absolution,772,203140,76561198057012202
Company of Heroes - Legacy Edition,0,4560,76561198057012202
Company of Heroes: Opposing Fronts,0,9340,76561198057012202
Company of Heroes: Tales of Valor,0,20540,76561198057012202
Darksiders,83,50620,76561198057012202
Red Faction: Armageddon,552,55110,76561198057012202
Company of Heroes ,0,228200,76561198057012202
Darksiders Warmastered Edition,105,462780,76561198057012202
Dead Rising 2,181,45740,76561198057012202
Dead Rising 2: Off the Record,0,45770,76561198057012202
Mass Effect,928,17460,76561198057012202
Mass Effect 2,1397,24980,76561198057012202
Star Wolves 3: Civil War,0,46260,76561198057012202
Tomb Raider I,0,224960,76561198057012202
Tomb Raider III: Adventures of Lara Croft,0,225320,76561198057012202
Dead Pixels,0,222980,76561198057012202
Super Hexagon,18,221640,76561198057012202
Crusader Kings Complete,0,204940,76561198057012202
Far Cry® 3,1539,220240,76561198057012202
Tomb Raider: The Last Revelation,0,224980,76561198057012202
Party of Sin,0,212700,76561198057012202
"Warhammer 40,000: Dawn of War - Game of the Year Edition",0,4570,76561198057012202
Triple Town,114,209950,76561198057012202
Hunted: The Demon's Forge,0,22450,76561198057012202
DmC Devil May Cry,0,220440,76561198057012202
Iron Sky Invasion,0,224900,76561198057012202
Assassin's Creed® III,2644,208480,76561198057012202
Infestation: Survivor Stories Classic,21,226700,76561198057012202
Aliens: Colonial Marines,538,49540,76561198057012202
Sang-Froid - Tales of Werewolves,0,227220,76561198057012202
Singularity,421,42670,76561198057012202
Cave Story+,0,200900,76561198057012202
Forge,0,223390,76561198057012202
Dungeonland,0,218130,76561198057012202
Baldur's Gate: Enhanced Edition,274,228280,76561198057012202
Tomb Raider,118,203160,76561198057012202
The Journey Down: Chapter One,0,220090,76561198057012202
The Sims(TM) 3,11384,47890,76561198057012202
Antichamber,160,219890,76561198057012202
Ys I,33,223810,76561198057012202
Ys II,0,223870,76561198057012202
Tropico 4,0,57690,76561198057012202
Sniper Elite: Nazi Zombie Army,77,227100,76561198057012202
TrackMania Nations Forever,0,11020,76561198057012202
The Cat and the Coup,18,95700,76561198057012202
Divinity: Dragon Commander Beta,0,230170,76561198057012202
Resident Evil 6 / Biohazard 6,0,221040,76561198057012202
Brütal Legend,0,225260,76561198057012202
STAR WARS™ Republic Commando,0,6000,76561198057012202
STAR WARS™ Jedi Knight: Jedi Academy™,0,6020,76561198057012202
STAR WARS™ Jedi Knight II: Jedi Outcast™,0,6030,76561198057012202
"Star Wars: Battlefront 2 (Classic, 2005)",409,6060,76561198057012202
STAR WARS™ Starfighter™,22,32350,76561198057012202
STAR WARS™: Knights of the Old Republic™,218,32370,76561198057012202
STAR WARS™ Jedi Knight: Dark Forces II,255,32380,76561198057012202
STAR WARS™ Jedi Knight: Mysteries of the Sith™,0,32390,76561198057012202
STAR WARS™: Dark Forces,237,32400,76561198057012202
STAR WARS™: The Clone Wars - Republic Heroes™,0,32420,76561198057012202
STAR WARS™: The Force Unleashed™ Ultimate Sith Edition,647,32430,76561198057012202
STAR WARS™ Empire at War: Gold Pack,0,32470,76561198057012202
STAR WARS™: The Force Unleashed™ II,401,32500,76561198057012202
STAR WARS™ Knights of the Old Republic™ II: The Sith Lords™,0,208580,76561198057012202
MUD - FIM Motocross World Championship™,0,226780,76561198057012202
The Showdown Effect,0,204080,76561198057012202
The Chronicles of Riddick: Assault on Dark Athena,935,9860,76561198057012202
Ghostbusters: The Video Game,536,9870,76561198057012202
Vegas: Make It Big,0,6210,76561198057012202
Slam Bolt Scrappers,0,96900,76561198057012202
Go Home Dinosaurs!,81,216090,76561198057012202
Rush Bros,0,234490,76561198057012202
BioShock Infinite,0,8870,76561198057012202
Shattered Haven,0,234370,76561198057012202
The Walking Dead™: Survival Instinct,30,220050,76561198057012202
Evoland,245,233470,76561198057012202
POSTAL,8,232770,76561198057012202
God Mode,33,227480,76561198057012202
Another World,0,233550,76561198057012202
Surgeon Simulator,0,233720,76561198057012202
Cubemen 2,106,228440,76561198057012202
Metro: Last Light,1239,43160,76561198057012202
GRID 2,0,44350,76561198057012202
Sanctum 2,53,210770,76561198057012202
Resident Evil Revelations / Biohazard Revelations,0,222480,76561198057012202
Super Sanctum TD,0,235250,76561198057012202
FEZ,65,224760,76561198057012202
Call of Cthulhu: Dark Corners of the Earth,692,22340,76561198057012202
Shadowrun Returns,0,234650,76561198057012202
The 39 Steps,0,234940,76561198057012202
Lost Planet: Extreme Condition - Colonies Edition,0,45720,76561198057012202
Poker Night 2,0,234710,76561198057012202
Ride to Hell: Retribution,0,209340,76561198057012202
Receiver,0,234190,76561198057012202
Far Cry® 3 Blood Dragon,437,233270,76561198057012202
Reus,0,222730,76561198057012202
Zeno Clash 2,0,215690,76561198057012202
The Bureau: XCOM Declassified,784,65930,76561198057012202
Defiance,0,224600,76561198057012202
Remember Me,185,228300,76561198057012202
Call of Juarez Gunslinger,0,204450,76561198057012202
Afterfall InSanity - Dirty Arena Edition,0,238170,76561198057012202
System Shock 2,159,238210,76561198057012202
Super Puzzle Platformer Deluxe,0,238530,76561198057012202
Afterfall InSanity Extended Edition,428,224420,76561198057012202
Trine 2,73,35720,76561198057012202
Monster Loves You!,106,226740,76561198057012202
"Sir, You Are Being Hunted",0,242880,76561198057012202
Betrayer,0,243120,76561198057012202
Aquaria,0,24420,76561198057012202
Infested Planet,0,204530,76561198057012202
Gun Monkeys,0,239450,76561198057012202
The Ultimate DOOM,290,2280,76561198057012202
Final DOOM,0,2290,76561198057012202
DOOM II: Hell on Earth,379,2300,76561198057012202
Master Levels for DOOM II,0,9160,76561198057012202
Shadow Warrior Classic Redux,0,225160,76561198057012202
Sacraboar,0,40500,76561198057012202
Ittle Dew,0,241320,76561198057012202
Saints Row IV,4899,206420,76561198057012202
Zombie Playground™,0,215550,76561198057012202
eXceed 2nd - Vampire REX,104,207380,76561198057012202
eXceed 3rd - Jade Penetrate Black Package,98,207400,76561198057012202
Risen 2 - Dark Waters,0,40390,76561198057012202
Sacred 2 Gold,0,225640,76561198057012202
Paranormal,8,246300,76561198057012202
Teleglitch: Die More Edition,0,234390,76561198057012202
Huntsman - The Orphanage Halloween Edition,0,246740,76561198057012202
FATE,0,246840,76561198057012202
Guacamelee! Gold Edition,0,214770,76561198057012202
Brothers - A Tale of Two Sons,236,225080,76561198057012202
"Papers, Please",400,239030,76561198057012202
Batman™: Arkham Origins,831,209000,76561198057012202
Hammerwatch,77,239070,76561198057012202
Bridge It (plus),0,248370,76561198057012202
Megabyte Punch,0,248550,76561198057012202
Draw a Stickman: EPIC,52,248650,76561198057012202
Iesabel,0,248710,76561198057012202
Guncraft,0,241720,76561198057012202
X2: The Threat,22,2800,76561198057012202
X3: Reunion,0,2810,76561198057012202
X: Beyond the Frontier,2,2840,76561198057012202
X-Tension,0,2850,76561198057012202
X3: Terran Conflict,0,2820,76561198057012202
X3: Albion Prelude,0,201310,76561198057012202
Medal of Honor(TM) Single Player,0,47790,76561198057012202
Medal of Honor(TM) Multiplayer,0,47830,76561198057012202
Marlow Briggs,0,249680,76561198057012202
Game Dev Tycoon,1191,239820,76561198057012202
ENSLAVED™: Odyssey to the West™ Premium Edition,93,245280,76561198057012202
Outlast,333,238320,76561198057012202
FORCED,0,249990,76561198057012202
Lost Planet 3,797,226720,76561198057012202
The Wolf Among Us,428,250320,76561198057012202
Blockland,0,250340,76561198057012202
Paranautical Activity: Deluxe Atonement Edition,0,250580,76561198057012202
Super Time Force Ultra,0,250700,76561198057012202
Musaic Box,0,29130,76561198057012202
Guardians of Middle-earth,0,111900,76561198057012202
Shadow Man,0,251770,76561198057012202
Oniken,0,252010,76561198057012202
Lovers in a Dangerous Spacetime,0,252110,76561198057012202
Rust,622,252490,76561198057012202
Rust - Staging Branch,0,700580,76561198057012202
The Cat Lady,0,253110,76561198057012202
A Hat in Time,0,253230,76561198057012202
Sparkle 2 Evo,0,253650,76561198057012202
Skullgirls ∞Endless Beta∞,0,208610,76561198057012202
Skullgirls,0,245170,76561198057012202
Europa Universalis III,73,25800,76561198057012202
Gorky 17,0,253920,76561198057012202
Jack Orlando Director's Cut,0,253960,76561198057012202
Enclave,0,253980,76561198057012202
Dishonored,761,205100,76561198057012202
Alien Rage - Unlimited,24,217920,76561198057012202
GRID Autosport,0,255220,76561198057012202
State of Decay,0,241540,76561198057012202
LEGO® MARVEL Super Heroes,546,249130,76561198057012202
Omikron - The Nomad Soul,0,243000,76561198057012202
Takedown: Red Sabre,59,236510,76561198057012202
Winter Voices,0,72900,76561198057012202
Deadly Premonition: The Director's Cut,0,247660,76561198057012202
Portal 2 Sixense Perceptual Pack,0,247120,76561198057012202
Assassin's Creed IV Black Flag,2728,242050,76561198057012202
War of the Vikings,0,234530,76561198057012202
Bionic Dues,0,238910,76561198057012202
Shadow Warrior,0,233130,76561198057012202
Viscera Cleanup Detail: Shadow Warrior,0,255520,76561198057012202
Violett,0,257830,76561198057012202
Frozen Hearth,0,257890,76561198057012202
Talisman: Prologue,0,258200,76561198057012202
Audiosurf 2,508,235800,76561198057012202
Overlord,0,11450,76561198057012202
Overlord: Raising Hell,0,12710,76561198057012202
Clickr,0,45500,76561198057012202
Alone in the Dark,6,259170,76561198057012202
Hero of the Kingdom,0,259550,76561198057012202
Nightmares from the Deep: The Cursed Heart,0,259740,76561198057012202
The Stanley Parable,196,221910,76561198057012202
Contagion,0,238430,76561198057012202
The Walking Dead: Season Two,0,261030,76561198057012202
Killer is Dead,0,261110,76561198057012202
Lethal League,0,261180,76561198057012202
Dementium II HD,0,217100,76561198057012202
Lichdom: Battlemage,235,261760,76561198057012202
Last Knight: Rogue Rider Edition,0,262210,76561198057012202
Dungeons 2,0,262280,76561198057012202
Rollers of the Realm,0,262470,76561198057012202
Redshirt,0,247870,76561198057012202
Paper Sorcerer,0,263560,76561198057012202
Out There Somewhere,0,263980,76561198057012202
One Finger Death Punch,0,264200,76561198057012202
La Tale,0,264360,76561198057012202
Narcissu 1st & 2nd,0,264380,76561198057012202
Euro Truck Simulator 2,155,227300,76561198057012202
Lords Of The Fallen,276,265300,76561198057012202
Governor of Poker 2: Premium Edition,0,70210,76561198057012202
Goat Simulator,0,265930,76561198057012202
Calibre 10 Racing Series,2,266370,76561198057012202
Starbound,603,211820,76561198057012202
Starbound - Unstable,0,367540,76561198057012202
Age of Wonders III,0,226840,76561198057012202
Gun Metal,0,267920,76561198057012202
Hyper Fighters,0,267960,76561198057012202
Broken Sword 5 - the Serpent's Curse,0,262940,76561198057012202
From The Depths,0,268650,76561198057012202
Paranormal State: Poison Spring Collector's Edition,0,268810,76561198057012202
Satellite Reign,0,268870,76561198057012202
Year Walk,0,269050,76561198057012202
DreadOut,0,269790,76561198057012202
Depression Quest,33,270170,76561198057012202
Robot Roller-Derby Disco Dodgeball,0,270450,76561198057012202
Yet Another Zombie Defense,0,270550,76561198057012202
Car Mechanic Simulator 2014,0,270850,76561198057012202
METAL GEAR RISING: REVENGEANCE,790,235460,76561198057012202
Left 4 Dead 2,3859,550,76561198057012202
KAMI,0,272040,76561198057012202
Amnesia: A Machine for Pigs,112,239200,76561198057012202
Assassin's Creed Liberation,490,260210,76561198057012202
Game Tycoon 1.5,0,273770,76561198057012202
Octodad: Dadliest Catch,0,224480,76561198057012202
Always Sometimes Monsters,0,274310,76561198057012202
Insurgency,0,222880,76561198057012202
Chip,0,275470,76561198057012202
No Man's Sky,944,275850,76561198057012202
A Story About My Uncle,0,278360,76561198057012202
Thief,0,239160,76561198057012202
South Park™: The Stick of Truth™,810,213670,76561198057012202
Grim Legends 2: Song of the Dark Swan,0,279800,76561198057012202
T.E.C. 3001,43,280910,76561198057012202
Real Horror Stories Ultimate Edition,20,281370,76561198057012202
Strider,0,235210,76561198057012202
resident evil 4 / biohazard 4,0,254700,76561198057012202
This War of Mine,0,282070,76561198057012202
Plague Inc: Evolved,1325,246620,76561198057012202
FaeVerse Alchemy,0,282880,76561198057012202
Nosferatu: The Wrath of Malachi,0,283290,76561198057012202
Soulbringer,0,283310,76561198057012202
Desert Thunder,0,283330,76561198057012202
Incoming Forces,0,283390,76561198057012202
Litil Divil,0,283430,76561198057012202
Heroine's Quest: The Herald of Ragnarok,0,283880,76561198057012202
Pixel Puzzles: UndeadZ,0,285010,76561198057012202
Pixel Puzzles Ultimate,0,351030,76561198057012202
Showtime!,0,285050,76561198057012202
LEGO® The Hobbit™,0,285160,76561198057012202
ACE - Arena: Cyber Evolution,0,285580,76561198057012202
QuestRun,0,286120,76561198057012202
Rover Rescue,0,286440,76561198057012202
F1 2015,0,286570,76561198057012202
Chaos Domain,0,287100,76561198057012202
Toybox Turbos,0,287260,76561198057012202
Colin McRae Rally,0,287340,76561198057012202
Metro: Last Light Redux,0,287390,76561198057012202
METAL GEAR SOLID V: THE PHANTOM PAIN,3286,287700,76561198057012202
Mini Metro,248,287980,76561198057012202
Ampu-Tea,0,289090,76561198057012202
El Matador,60,289280,76561198057012202
Parkan 2,0,289400,76561198057012202
Collapse,0,289620,76561198057012202
MURDERED: SOUL SUSPECT™,567,233290,76561198057012202
DarkEnd,0,292370,76561198057012202
Realms of the Haunting,0,292390,76561198057012202
Street Racing Syndicate,0,292410,76561198057012202
Chompy Chomp Chomp,0,292570,76561198057012202
Pressured,0,292620,76561198057012202
Tesla Effect,0,261510,76561198057012202
Deponia: The Complete Journey,0,292910,76561198057012202
Overcast - Walden and the Werewolf,0,293180,76561198057012202
Merchants of Kaidan,0,294020,76561198057012202
Millie,0,294230,76561198057012202
Putt-Putt and Fatty Bear's Activity Pack,0,294720,76561198057012202
S.T.A.L.K.E.R.: Clear Sky,1563,20510,76561198057012202
Swipecart,0,295930,76561198057012202
Iron Storm,0,296180,76561198057012202
Kraven Manor,0,296630,76561198057012202
8BitBoy,0,296910,76561198057012202
Only If,0,298260,76561198057012202
Woodle Tree Adventures,0,299460,76561198057012202
International Snooker,0,299500,76561198057012202
Afterfall: Reconquest Episode I,49,299640,76561198057012202
Face of Mankind,0,299700,76561198057012202
Shadowrun: Dragonfall - Director's Cut,0,300550,76561198057012202
GALAK-Z,0,300580,76561198057012202
Robocraft,0,301520,76561198057012202
Cobi Treasure Deluxe,0,301690,76561198057012202
Numba Deluxe,0,301700,76561198057012202
Arma: Cold War Assault,0,65790,76561198057012202
Heileen 1: Sail Away,0,302950,76561198057012202
The Beginner's Guide,0,303210,76561198057012202
The House in Fata Morgana,435,303310,76561198057012202
Dead Bits,0,303390,76561198057012202
Watch_Dogs,1942,243470,76561198057012202
ArcheAge,0,304030,76561198057012202
Grand Chase,0,304270,76561198057012202
Unturned,154,304930,76561198057012202
Cakewalk Loop Manager,0,305280,76561198057012202
Sniper Elite 3,0,238090,76561198057012202
Slipstream 5000,0,306350,76561198057012202
Sniper Elite V2,0,63380,76561198057012202
Floating Point,0,302380,76561198057012202
Memories of a Vagabond,0,307070,76561198057012202
Borealis,0,307170,76561198057012202
Velvet Sundown,0,307290,76561198057012202
Reversion - The Escape,0,270570,76561198057012202
Minimum,0,214190,76561198057012202
Savage Lands,0,307880,76561198057012202
Fractured Space,0,310380,76561198057012202
Steel & Steam: Episode 1,0,310450,76561198057012202
DiRT Rally,0,310560,76561198057012202
Star Trek Online,0,9900,76561198057012202
METAL GEAR SOLID V: GROUND ZEROES,427,311340,76561198057012202
Aperture Tag: The Paint Gun Testing Initiative,0,280740,76561198057012202
Vertical Drop Heroes HD,0,311480,76561198057012202
LEGO® Pirates of the Caribbean The Video Game,85,311770,76561198057012202
Power-Up,0,312640,76561198057012202
Warface,0,291480,76561198057012202
Broadsword : Age of Chivalry,0,312710,76561198057012202
NEOTOKYO°,0,244630,76561198057012202
The Expendabros,0,312990,76561198057012202
Champions Online,0,9880,76561198057012202
Stranded Deep,1,313120,76561198057012202
Aura Kingdom,0,268420,76561198057012202
Heroes & Generals,0,227940,76561198057012202
Sunrider: Mask of Arcadius,0,313730,76561198057012202
Jet Gunner,0,314250,76561198057012202
The Forgotten Ones,0,314280,76561198057012202
The Red Solstice,0,265590,76561198057012202
Hero Siege,0,269210,76561198057012202
Crypt of the NecroDancer,0,247080,76561198057012202
Blob From Space,0,315070,76561198057012202
Strife: Veteran Edition,0,317040,76561198057012202
Portal Stories: Mel,345,317400,76561198057012202
Cubic Castles,0,317470,76561198057012202
Space Hack,0,315260,76561198057012202
Saira,0,48900,76561198057012202
Ultra Street Fighter IV,0,45760,76561198057012202
Amazing World,0,293500,76561198057012202
The Flame in the Flood,0,318600,76561198057012202
Platypus II,0,319180,76561198057012202
Coffin Dodgers,0,320540,76561198057012202
Hexcells,1,265890,76561198057012202
Hexcells Plus,0,271900,76561198057012202
Hexcells Infinite,0,304410,76561198057012202
The Evil Within,1495,268050,76561198057012202
DiRT 3 Complete Edition,0,321040,76561198057012202
Melissa K. and the Heart of Gold Collector's Edition,0,321150,76561198057012202
SUPERHOT,295,322500,76561198057012202
The Vanishing of Ethan Carter,0,258520,76561198057012202
The Vanishing of Ethan Carter Redux,0,400430,76561198057012202
Tharsis,0,323060,76561198057012202
Grow Home,208,323320,76561198057012202
Stronghold Crusader 2,0,232890,76561198057012202
Ryse: Son of Rome,360,302510,76561198057012202
Middle-earth™: Shadow of Mordor™,1213,241930,76561198057012202
Sleeping Dogs: Definitive Edition,10,307690,76561198057012202
Defenders of the Last Colony,0,326110,76561198057012202
Horizon Shift,0,326120,76561198057012202
Split/Second,0,297860,76561198057012202
PURE,0,322600,76561198057012202
Gunspell: Steam Edition,0,328100,76561198057012202
Alien: Isolation,1239,214490,76561198057012202
Stealth Inc 2,0,329380,76561198057012202
Assassin's Creed Unity,2197,289650,76561198057012202
Tales from the Borderlands,0,330830,76561198057012202
Game of Thrones - A Telltale Games Series,721,330840,76561198057012202
Frozen Synapse Prime,0,328600,76561198057012202
Heavy Metal Machines,0,331360,76561198057012202
Counter-Strike: Global Offensive,0,730,76561198057012202
AKIBA'S TRIP: Undead & Undressed,16,333980,76561198057012202
Starlaxis Supernova Edition,0,336200,76561198057012202
Deadbreed®,0,277950,76561198057012202
Saints Row: Gat out of Hell,483,301910,76561198057012202
Terra Lander Remastered,0,338550,76561198057012202
Life is Strange™,910,319630,76561198057012202
Retention,0,339470,76561198057012202
FORCED SHOWDOWN,0,265000,76561198057012202
Bloop,0,340200,76561198057012202
Resident Evil / biohazard HD REMASTER,777,304240,76561198057012202
Toto Temple Deluxe,0,342920,76561198057012202
Particula,0,343360,76561198057012202
KHOLAT,38,343710,76561198057012202
Tacoma,105,343860,76561198057012202
Voxelized,45,344040,76561198057012202
Cataegis : The White Wind,0,344130,76561198057012202
Heckabomb,0,344300,76561198057012202
Ascent - The Space Game,0,345010,76561198057012202
Vox Populi Vox Dei 2,0,345120,76561198057012202
Agent Awesome,0,345220,76561198057012202
The Note,0,345920,76561198057012202
Besiege,0,346010,76561198057012202
Sky Battles,0,346670,76561198057012202
Shadowrun: Hong Kong - Extended Edition,0,346940,76561198057012202
The Dark Stone from Mebara,0,346950,76561198057012202
Into The War,0,346370,76561198057012202
Resident Evil Revelations 2 / Biohazard Revelations 2,0,287290,76561198057012202
Regency Solitaire,0,351090,76561198057012202
DRAGON: A Game About a Dragon,0,351150,76561198057012202
Sometimes: Success Requires Sacrifice,0,351470,76561198057012202
The Adventures of Tree,0,354860,76561198057012202
Assassin's Creed Rogue,1760,311560,76561198057012202
Keen Dreams,0,356200,76561198057012202
Spooky's Jump Scare Mansion,16,356670,76561198057012202
Evoland 2,0,359310,76561198057012202
Evoland Legendary Edition,0,1020470,76561198057012202
Ultimate Tic-Tac-Toe,0,360870,76561198057012202
Bloodsports.TV,0,336420,76561198057012202
Descent: Underground,0,360950,76561198057012202
Heaven Forest NIGHTS,0,360970,76561198057012202
Lakeview Cabin Collection,0,361990,76561198057012202
Caveman Craig,0,363240,76561198057012202
Grave Prosperity: Redux- part 1,0,363480,76561198057012202
Tea Party Simulator 2015™,0,363620,76561198057012202
Dead Age,0,363930,76561198057012202
Lilly and Sasha: Curse of the Immortals,0,364270,76561198057012202
Go Home - Rage incoming,0,365150,76561198057012202
Skyrim Script Extender (SKSE),0,365720,76561198057012202
Iggy's Egg Adventure,0,366040,76561198057012202
SUPER DISTRO,0,364690,76561198057012202
Wurm Unlimited,0,366220,76561198057012202
Adorables,0,366760,76561198057012202
Fortune's Tavern - The Fantasy Tavern Simulator!,0,346270,76561198057012202
Dragon's Dogma: Dark Arisen,9048,367500,76561198057012202
Axis Football 2015,0,370090,76561198057012202
Victory Command,0,360480,76561198057012202
The Witcher 3: Wild Hunt,6383,292030,76561198057012202
Divinity: Original Sin (Classic),0,230230,76561198057012202
Divinity: Original Sin Enhanced Edition,202,373420,76561198057012202
Sudden Strike 4,0,373930,76561198057012202
Defend The Highlands,0,374830,76561198057012202
Energy Balance,0,375010,76561198057012202
16bit Trader,0,375460,76561198057012202
Kona,0,365160,76561198057012202
PAYDAY 2,433,218620,76561198057012202
Fallout 4,6164,377160,76561198057012202
Protocol,0,378020,76561198057012202
Nyctophobia,0,378100,76561198057012202
HITMAN™,1039,236870,76561198057012202
Cruel Arena,0,381140,76561198057012202
Journey To The Center Of The Earth,0,382120,76561198057012202
Kidnapped,0,382300,76561198057012202
Glass Wing,0,382570,76561198057012202
Star Chronicles: Delta Quadrant,0,383330,76561198057012202
Pathologic Classic HD,0,384110,76561198057012202
Overture,0,343100,76561198057012202
TeraBlaster,0,384150,76561198057012202
Victor Vran,0,345180,76561198057012202
Firewatch,220,383870,76561198057012202
Aviary Attorney,0,384630,76561198057012202
Pilot Crusader,0,384930,76561198057012202
Guardians of Victoria,0,385080,76561198057012202
The chronicles of Emerland. Solitaire.,0,389400,76561198057012202
Blast Out,0,391530,76561198057012202
Undertale,657,391540,76561198057012202
Egyptian Senet,0,391580,76561198057012202
Blaster Shooter GunGuy!,0,391740,76561198057012202
Race The Sun,1,253030,76561198057012202
Wild Island Quest,0,392820,76561198057012202
Mad Max,3455,234140,76561198057012202
Metal Gear Solid Legacy,1,393360,76561198057012202
Water Bears VR,0,394130,76561198057012202
DISTRAINT: Deluxe Edition,0,395170,76561198057012202
Relic Hunters Zero,0,382490,76561198057012202
Urizen Shadows of the Cold Deluxe Frosty Edition,0,397700,76561198057012202
Woof Blaster,0,397990,76561198057012202
Labyronia RPG,0,391260,76561198057012202
Labyronia RPG 2,0,397500,76561198057012202
Legend of Mysteria,0,407230,76561198057012202
Ace of Words,0,398680,76561198057012202
Timberman,0,398710,76561198057012202
Spheroid,0,399100,76561198057012202
Mad Max System Test,1,399750,76561198057012202
Else Heart.Break(),0,400110,76561198057012202
The Incredible Adventures of Van Helsing: Final Cut,0,400170,76561198057012202
The Deer,0,400240,76561198057012202
Heaven Island - VR MMO,0,400250,76561198057012202
Normality,0,400370,76561198057012202
Hacknet,0,365450,76561198057012202
Expand,0,399780,76561198057012202
GabeN: The Final Decision,0,403740,76561198057012202
SUPERFIGHT,0,404770,76561198057012202
Pony Island,0,405640,76561198057012202
Lowglow,0,405950,76561198057012202
Lost Moon,0,406090,76561198057012202
Indie Game Battle,0,407620,76561198057012202
System Shock: Classic,0,410700,76561198057012202
System Shock: Enhanced Edition,0,410710,76561198057012202
Dota 2 Player Profiles,0,411180,76561198057012202
Dota 2 Player Profiles: EG - Suma1L,0,411181,76561198057012202
Dota 2 Player Profiles: Na'Vi - XBOCT,0,411182,76561198057012202
Dota 2 Player Profiles: Invictus Gaming - Ferrari,0,411183,76561198057012202
Dota 2 Player Profiles: MVPHot6 - HEEN,0,411184,76561198057012202
Dota 2 Player Profiles: EHOME - ROTK,0,411185,76561198057012202
Dota 2 Player Profiles: Cloud9 - N0Tail,0,411186,76561198057012202
Dota 2 Player Profiles: Complexity - zfreek,0,411187,76561198057012202
Dota 2 Player Profiles: Empire - Alohadance,0,411188,76561198057012202
Dota 2 Player Profiles: Fnatic - Kecik-Imba,0,411189,76561198057012202
Dota 2 Player Profiles: LGD - Xiao8,0,411190,76561198057012202
Dota 2 Player Profiles: Newbee - Mu,0,411191,76561198057012202
Dota 2 Player Profiles: Team Secret - S4,0,411192,76561198057012202
Dota 2 Player Profiles: Vici - fy,0,411193,76561198057012202
Dota 2 Player Profiles: Virtus.Pro - FNG,0,411194,76561198057012202
Dota 2 Player Profiles: CDEC's Journey to The Majors,0,419910,76561198057012202
Dota 2 Player Profiles: EG Champions of TI5,0,420090,76561198057012202
Dota 2 Player Profiles: Vici Gaming Reborn - END,0,523480,76561198057012202
Dota 2 Player Profiles: OG - Fly,0,523481,76561198057012202
Dota 2 Player Profiles: EHOME - iceiceice,0,523482,76561198057012202
Dota 2 Player Profiles: Team Liquid - MATUMBAMAN,0,523483,76561198057012202
Dota 2 Player Profiles: LGD - Maybe,0,523484,76561198057012202
Dota 2 Player Profiles: MVP Phoenix - QO,0,523485,76561198057012202
Dota 2 Player Profiles: Not Playing Dota with Complexity,0,523486,76561198057012202
Dota 2 Player Profiles: Not Playing Dota with Dendi,0,523487,76561198057012202
Dota 2 Player Profiles: Not Playing Dota with END,0,523488,76561198057012202
Dota 2 Player Profiles: Not Playing Dota With MATUMBAMAN,0,523489,76561198057012202
Dota 2 Player Profiles: Not Playing Dota With QO,0,523490,76561198057012202
Dota 2 Player Profiles: OG - ANA,0,702690,76561198057012202
Dota 2 Player Profiles: Invictus Gaming -  BurNIng,0,702691,76561198057012202
Dota 2 Player Profiles: Team Liquid - Miracle-,0,702692,76561198057012202
Dota 2 Player Profiles: Virtus.Pro,0,702693,76561198057012202
Dota 2 Player Profiles: Not Playing Dota With ANA,0,702694,76561198057012202
Dota 2 Player Profiles: Not Playing Dota with Universe and Zai,0,702695,76561198057012202
Dota 2 Player Profiles: Not Playing Dota With Virtus.Pro,0,702696,76561198057012202
CS:GO Player Profiles,0,413850,76561198057012202
CS:GO Player Profiles: n0thing - Cloud9,0,413851,76561198057012202
CS:GO Player Profiles:  TaZ - Virtus.Pro,0,413852,76561198057012202
CS:GO Player Profiles: GeT_RiGhT - Ninjas in Pyjamas,0,413853,76561198057012202
CS:GO Player Profiles: olofmeister - fnatic,0,413854,76561198057012202
CS:GO Player Profiles: kennyS - Team Envyus,0,413855,76561198057012202
CS:GO Player Profiles: Edward - Na'Vi,0,413856,76561198057012202
CS:GO Player Profiles: markeloff - Flipsid3,0,413857,76561198057012202
CS:GO Player Profiles: device - Team SoloMid,0,413858,76561198057012202
CS:GO Player Profiles: FalleN - Luminosity,0,413859,76561198057012202
CS:GO Player Profiles: karrigan - Astralis,0,458250,76561198057012202
CS:GO Player Profiles: pashaBiceps - Virtus.Pro,0,458260,76561198057012202
CS:GO Player Profiles: Guardian - Na'Vi,0,458270,76561198057012202
CS:GO Player Profiles: Happy - Team EnVyUs,0,458280,76561198057012202
CS:GO Player Profiles: fnx - Luminosity,0,458300,76561198057012202
CS:GO Player Profiles: Friberg - Ninjas in Pyjamas,0,458310,76561198057012202
CS:GO Player Profiles: Maikelele - FaZe,0,458320,76561198057012202
CS:GO Player Profiles: Fer - SK Gaming,0,497810,76561198057012202
CS:GO Player Profiles: Dupreeh - Astralis,0,497811,76561198057012202
CS:GO Player Profiles: Tarik - Counter Logic Gaming,0,497812,76561198057012202
CS:GO Player Profiles: Hiko - Team Liquid,0,497813,76561198057012202
CS:GO Player Profiles: Counter-Strike: A Brief History,0,585280,76561198057012202
CS:GO Player Profiles: Zeus - Gambit,0,585281,76561198057012202
CS:GO Player Profiles: coldzera – SK Gaming,0,585282,76561198057012202
CS:GO Player Profiles: s1mple – Natus Vincere,0,585283,76561198057012202
Uriel's Chasm 2: את,0,414580,76561198057012202
Outlast 2,0,414700,76561198057012202
HotLead,0,416170,76561198057012202
Emily is Away,29,417860,76561198057012202
Street Warriors Online,0,417910,76561198057012202
DreadOut: Keepers of The Dark,0,418950,76561198057012202
Batman™: Arkham Knight,2016,208650,76561198057012202
Assassin's Creed Syndicate,2978,368500,76561198057012202
The Deed,0,420740,76561198057012202
Heaven Island Life,0,422100,76561198057012202
ShipLord,0,422250,76561198057012202
Bell Ringer,0,424830,76561198057012202
Far Cry Primal,1,371660,76561198057012202
Resident Evil 0 / biohazard 0 HD REMASTER,879,339340,76561198057012202
Endorlight,0,428430,76561198057012202
Dying Light,3221,239140,76561198057012202
Space Pilgrim Episode I: Alpha Centauri,0,429470,76561198057012202
AdventureQuest 3D,0,429790,76561198057012202
Life Is Strange™ - Directors' Commentary - 1.Two directors,0,440430,76561198057012202
Life Is Strange™ - Directors' Commentary - 2. Let's play Life is Strange,0,440431,76561198057012202
Life Is Strange™ - Directors' Commentary - 3. Intentions,0,440432,76561198057012202
Life Is Strange™ - Directors' Commentary - 4. A matter of choice,0,440433,76561198057012202
Life Is Strange™ - Directors' Commentary - 5. A lively world,0,440434,76561198057012202
Life Is Strange™ - Directors' Commentary - 6. Capturing the moment,0,440435,76561198057012202
Life Is Strange™ - Directors' Commentary - 7. Social issues,0,440436,76561198057012202
Life Is Strange™ - Directors' Commentary - 8. Getting things right,0,440437,76561198057012202
Life Is Strange™ - Directors' Commentary - 9. Voices of Arcadia Bay,0,440438,76561198057012202
Sid Meier's Civilization III: Complete,0,3910,76561198057012202
Sid Meier's Pirates!,0,3920,76561198057012202
XCOM: Enemy Unknown,1599,200510,76561198057012202
Sid Meier's Ace Patrol,0,244070,76561198057012202
Sid Meier's Ace Patrol: Pacific Skies,0,244090,76561198057012202
Masked Shooters 2,0,434250,76561198057012202
CONSORTIUM,0,264240,76561198057012202
Dead6hot,0,438030,76561198057012202
VRChat,2,438100,76561198057012202
GOD EATER 2 Rage Burst,0,438490,76561198057012202
GOD EATER RESURRECTION,375,460870,76561198057012202
FNaF World,0,427920,76561198057012202
STAR WARS™ Rebellion,0,441550,76561198057012202
OutDrive,0,441870,76561198057012202
Hell Yeah!,0,205230,76561198057012202
Jet Set Radio,0,205950,76561198057012202
Condemned: Criminal Origins,92,4720,76561198057012202
Binary Domain,1,203750,76561198057012202
Renegade Ops,0,99300,76561198057012202
Viking: Battle for Asgard,0,211160,76561198057012202
Unknown Battle,0,443940,76561198057012202
Love is Blind: Mutants,0,444460,76561198057012202
Broken Dreams,0,444480,76561198057012202
AMOK,0,446780,76561198057012202
The Next Door,0,447850,76561198057012202
Brine,0,447940,76561198057012202
Elements II: Hearts of Light,0,448640,76561198057012202
A grande bagunça espacial - The big space mess,0,449220,76561198057012202
SAMOLIOTIK,0,449680,76561198057012202
The Lab,0,450390,76561198057012202
Red Risk,0,448070,76561198057012202
Airstrike HD,0,453980,76561198057012202
Surgeon Simulator VR: Meet The Medic,0,457420,76561198057012202
Luna Online: Reborn,0,457590,76561198057012202
Mandagon,31,461560,76561198057012202
Blaite,0,461730,76561198057012202
Forge of Gods (RPG),0,461910,76561198057012202
Homefront: The Revolution,446,223100,76561198057012202
BitRay,0,462030,76561198057012202
Super Blue Fighter,0,463180,76561198057012202
RUINER,0,464060,76561198057012202
Initia: Elemental Arena,0,463920,76561198057012202
Bibou,0,464760,76561198057012202
Escape This,0,467370,76561198057012202
Rogue Port - Red Nightmare,0,467310,76561198057012202
HIVE,0,468330,76561198057012202
Quantum Break,679,474960,76561198057012202
Scanner Sombre,312,475190,76561198057012202
Kabitis,0,475220,76561198057012202
Magma Tsunami,0,477290,76561198057012202
Head Shot,0,485310,76561198057012202
Timore Inferno,0,486360,76561198057012202
Yellow: The Yellow Artifact,0,486820,76561198057012202
Freebie,0,487220,76561198057012202
Agony,0,487720,76561198057012202
Agony UNRATED,0,879420,76561198057012202
JDM Tuner Racing,0,488210,76561198057012202
Unforgiving Trials: The Darkest Crusade,0,489220,76561198057012202
EvilMaze,0,484950,76561198057012202
Dishonored 2,0,403640,76561198057012202
BoneBone: Rise of the Deathlord,0,491080,76561198057012202
Orwell,0,491950,76561198057012202
Moirai,17,496920,76561198057012202
Sonic Generations,0,71340,76561198057012202
Mind Spheres,0,498660,76561198057012202
Evolve Stage 2,0,273350,76561198057012202
Star Explorers,0,502720,76561198057012202
Redactem,0,502400,76561198057012202
A Detective's Novel,0,503820,76561198057012202
The God's Chain,0,504490,76561198057012202
MOBIUS FINAL FANTASY,0,504730,76561198057012202
Layers of Fear,273,391720,76561198057012202
"Max, an Autistic Journey",0,511630,76561198057012202
Faeria,0,397060,76561198057012202
Observer,0,514900,76561198057012202
Mafia III,198,360430,76561198057012202
Toadled,0,521630,76561198057012202
The Last Hope,0,522570,76561198057012202
Doritos VR Battle,0,523180,76561198057012202
Monsti,0,526790,76561198057012202
Eisenwald: Blood of November,0,528820,76561198057012202
Resident Evil 7 / Biohazard 7 Teaser: Beginning Hour,35,530620,76561198057012202
Agent Origins: Escape,0,444560,76561198057012202
Agent Origins,0,534110,76561198057012202
Agent Origins: Pursuit,0,537420,76561198057012202
Agent Origins: Conspiracies,0,537421,76561198057012202
Agent Origins: Ashes,0,537422,76561198057012202
Steam Dev Days,0,534600,76561198057012202
Steam Dev Days: Welcome Address,0,534610,76561198057012202
Steam Dev Days: Steam Machines in 2014 - Opening up the Living Room,0,534611,76561198057012202
Steam Dev Days: The Steam Controller,0,534612,76561198057012202
Steam Dev Days: In-Game Economies in Team Fortress 2 and Dota 2,0,534613,76561198057012202
Steam Dev Days: Embracing User Generated Content,0,534614,76561198057012202
Steam Dev Days: Getting Started with Linux Game Development,0,534615,76561198057012202
Steam Dev Days: Marketing Your Game,0,534616,76561198057012202
Steam Dev Days: Music in Valve Games and Media,0,534617,76561198057012202
Steam Dev Days: Moving Your Games to OpenGL,0,534618,76561198057012202
Steam Dev Days: Community and Communication in Games-As-Services,0,534619,76561198057012202
Steam Dev Days: United We Win,0,534620,76561198057012202
Steam Dev Days: Getting Started Debugging on Linux,0,534621,76561198057012202
Steam Dev Days: Optimizing Linux games for AMD Graphics using GPU PerfStudio2,0,534622,76561198057012202
Steam Dev Days: Data to Drive Decision-Making,0,534623,76561198057012202
Steam Dev Days: Is Early Access Right for You?,0,534624,76561198057012202
Steam Dev Days: Performance Tuning Applications for Intel GEN Graphics for Linux,0,534625,76561198057012202
Steam Dev Days: Steam Business Update,0,534626,76561198057012202
Steam Dev Days: Portal 2 and Team Fortress 2 Alternate Reality Games Q&A,0,534627,76561198057012202
Steam Dev Days: The Evolution of Gaming Hardware,0,534628,76561198057012202
Steam Dev Days: Steamworks Features - A Technical Overview,0,534629,76561198057012202
Steam Dev Days: Beyond Porting,0,534630,76561198057012202
Steam Dev Days: 100% Steam (Dovetail Games),0,534631,76561198057012202
Steam Dev Days: Game Development with SDL 2.0,0,534632,76561198057012202
"Steam Dev Days: What VR Could, Should, and Almost Certainly Will Be in 2 Years",0,534633,76561198057012202
Steam Dev Days: Porting Games to Virtual Reality,0,534634,76561198057012202
Steam Dev Days: Wild West of VR,0,534635,76561198057012202
Steam Dev Days: Virtual Reality and Steam,0,534636,76561198057012202
Steam Dev Days: Welcome,0,550760,76561198057012202
Steam Dev Days: Steam Business Update,0,550761,76561198057012202
Steam Dev Days: Philosophy of VR,0,550762,76561198057012202
Steam Dev Days: The Future of VR and Games,0,550763,76561198057012202
Steam Dev Days: Steam 101 - Getting Started with Marketing Features and Tools,0,550764,76561198057012202
Steam Dev Days: Steam Controller,0,550765,76561198057012202
Steam Dev Days: Steam 201 - Sound Advice from Successful Developers,0,550766,76561198057012202
Steam Dev Days: Steam Inventory Service,0,550767,76561198057012202
Steam Dev Days: SteamVR Hardware,0,550768,76561198057012202
Steam Dev Days: Building Unity Games for SteamOS/Linux,0,550769,76561198057012202
Steam Dev Days: UGC and Workshop in ARK: Survival Evolved,0,550770,76561198057012202
Steam Dev Days: Video Content on Steam,0,550771,76561198057012202
Steam Dev Days: Game Server Hosting,0,550772,76561198057012202
Steam Dev Days: Games as a Service,0,550773,76561198057012202
Steam Dev Days: Unity Development for VR,0,550774,76561198057012202
Steam Dev Days: Developing The Lab,0,550775,76561198057012202
Steam Dev Days: The Psychology of Games,0,550776,76561198057012202
Steam Dev Days: Vulkan Graphics Panel,0,550777,76561198057012202
Steam Dev Days: Early Access,0,550778,76561198057012202
Steam Dev Days: Anti-Cheat for Multiplayer Games,0,550779,76561198057012202
Steam Dev Days: Delivering Great VR With Simple Graphics,0,550780,76561198057012202
Steam Dev Days: Healthy Publisher Relationships,0,550781,76561198057012202
Steam Dev Days: The Art of Communication: Decoding the Creative Relationship,0,550782,76561198057012202
Steam Dev Days: UE4 Development + Shipping an UE4 VR Game,0,550783,76561198057012202
Steam Dev Days: VR Developer Panel,0,550784,76561198057012202
JumpBall,0,537360,76561198057012202
Sleeping Valley,0,538590,76561198057012202
Slingshot people,0,542340,76561198057012202
Dead Rising 4,0,543460,76561198057012202
Minion Masters,0,489520,76561198057012202
Xenus 2. White gold.,0,546230,76561198057012202
Cavern Escape,0,546400,76561198057012202
TAIKU MANSION,0,529760,76561198057012202
Anomalies,0,546780,76561198057012202
Precursors,0,547930,76561198057012202
The Elder Scrolls V: Skyrim Special Edition,1490,489830,76561198057012202
Layers of Fear - Soundtrack,0,550210,76561198057012202
CRACKHEAD,0,554530,76561198057012202
Mysterium,0,556180,76561198057012202
Vampire: The Masquerade - Redemption,0,559680,76561198057012202
Streamline,0,252850,76561198057012202
Shot Shot Tactic,0,562270,76561198057012202
Tales of Berseria,0,429660,76561198057012202
Slash It,0,567290,76561198057012202
Fallen,0,570890,76561198057012202
Death penalty: Beginning ,0,570380,76561198057012202
Let's Draw,0,575490,76561198057012202
PARKAN: THE IMPERIAL CHRONICLES,3,575690,76561198057012202
Fruit Arranger,0,575700,76561198057012202
Pain Train,0,576560,76561198057012202
A Dump in the Dark,48,577080,76561198057012202
BARRIER X,0,463150,76561198057012202
Numberline,0,581640,76561198057012202
Endless Space,0,208140,76561198057012202
Everything,207,582270,76561198057012202
Estranged: Act II,0,582890,76561198057012202
VITATIO 2,0,586380,76561198057012202
The Evil Within 2,0,601430,76561198057012202
Jack's Gang,0,607270,76561198057012202
The Surge,0,378540,76561198057012202
Guns of Icarus Online,0,209080,76561198057012202
Guns of Icarus Alliance,0,608800,76561198057012202
Trolley Gold,0,498320,76561198057012202
Fallout 4 VR,0,611660,76561198057012202
Chivalry: Medieval Warfare,0,219640,76561198057012202
Dishonored®: Death of the Outsider™ ,0,614570,76561198057012202
GET EVEN,448,299950,76561198057012202
Starpoint Gemini 2,0,236150,76561198057012202
Half-Life - The Freeman Chronicles: Episode 1,0,646170,76561198057012202
Half-Life - The Freeman Chronicles: Episode 2 Part 1,0,646171,76561198057012202
Half-Life - The Freeman Chronicles: BTS,0,678350,76561198057012202
Outland,0,305050,76561198057012202
Prisoner,0,653210,76561198057012202
Merri Puzzle,0,655930,76561198057012202
PLANETS OF WAR,0,656140,76561198057012202
Grav Blazer,0,657590,76561198057012202
Gelu,0,664610,76561198057012202
Mob Rule Classic,0,600420,76561198057012202
Skyraine,0,679430,76561198057012202
Jotun: Valhalla Edition,0,323580,76561198057012202
The Moon Night,0,680120,76561198057012202
Bloodlines of Prima,0,686090,76561198057012202
Hellblade: Senua's Sacrifice,475,414340,76561198057012202
Hellblade: Senua's Sacrifice VR Edition,0,747350,76561198057012202
Trials of the Illuminati: Cityscape Animated Jigsaws,0,695590,76561198057012202
Life is Strange: Before the Storm,639,554620,76561198057012202
Crankies Workshop: Bozzbot Assembly,0,705400,76561198057012202
Mirage: Arcane Warfare,0,368420,76561198057012202
Divinity: Original Sin 2,0,435150,76561198057012202
The Monk and the Warrior. The Heart of the King.,0,732060,76561198057012202
Lost in the tomb,0,732070,76561198057012202
11-11 Memories Retold,0,735580,76561198057012202
Rocket Blasters,0,755490,76561198057012202
The Archotek Project,0,608990,76561198057012202
Company of Heroes 2,0,231430,76561198057012202
Mutant Year Zero: Road to Eden,0,760060,76561198057012202
Kingdom Come: Deliverance,0,379430,76561198057012202
The MagiCats Best Of,0,774711,76561198057012202
AX:EL,0,319830,76561198057012202
Dead Ground,0,778410,76561198057012202
Poultry Panic,0,779190,76561198057012202
Fur Fun,0,589370,76561198057012202
METAL GEAR SURVIVE BETA,0,797470,76561198057012202
Alpha Protocol,0,34010,76561198057012202
Cortex Command,0,209670,76561198057012202
Star Shield Down,0,805680,76561198057012202
Deus Ex: Mankind Divided™,0,337000,76561198057012202
Totally Accurate Battlegrounds,0,823130,76561198057012202
Turbo Pug DX,0,513780,76561198057012202
Crusader Kings II,0,203770,76561198057012202
God Vs Zombies,0,843500,76561198057012202
The Awesome Adventures of Captain Spirit,0,845070,76561198057012202
Darwin Project,0,544920,76561198057012202
HITMAN™ 2,0,863550,76561198057012202
Stories: The Path of Destinies,0,439190,76561198057012202
Prismata,0,490220,76561198057012202
Unreal Gold,0,13250,76561198057012202
Quake Champions,0,611500,76561198057012202
Prey,0,480490,76561198057012202
Prey: Typhon Hunter,0,741820,76561198057012202
Fortified,0,334210,76561198057012202
LawBreakers,0,350280,76561198057012202
Cuisine Royale,0,884660,76561198057012202
Shenmue I & II,0,758330,76561198057012202
Yakuza 0,36,638970,76561198057012202
Odysseus Kosmos and his Robot Quest - Episode 1,0,769920,76561198057012202
BROKE PROTOCOL: Online City RPG,0,696370,76561198057012202
For Honor,0,304390,76561198057012202
For Honor - Public Test,0,654310,76561198057012202
The Culling,0,437220,76561198057012202
NaissanceE,186,265690,76561198057012202
OVERKILL's The Walking Dead - BETA,467,952440,76561198057012202
Hyperdrive Massacre,0,402390,76561198057012202
Evolvation,0,510840,76561198057012202
Murderous Pursuits,0,638070,76561198057012202
Die Young: Prologue,0,973000,76561198057012202
Just Cause 3,313,225540,76561198057012202
Geneshift: Battle Royale Turbo,0,308600,76561198057012202
Braveland,0,285800,76561198057012202
GameGuru,0,266310,76561198057012202
Divide by Sheep,0,252130,76561198057012202
Fearless Fantasy,0,282100,76561198057012202
Guacamelee! Super Turbo Championship Edition,0,275390,76561198057012202
AppGameKit Classic,0,325180,76561198057012202
Kao the Kangaroo: Round 2,0,1048540,76561198057012202
Polygoneer,0,684680,76561198057012202
Destiny 2,0,1085660,76561198057012202
Kabounce,0,431930,76561198057012202
DRONE The Game,0,987020,76561198057012202
The Minotaur,0,412540,76561198057012202
Wormhole City,0,434300,76561198057012202
Princess Remedy In A Heap of Trouble,0,522040,76561198057012202
Dracula 2: The Last Sanctuary,0,289820,76561198057012202
Dracula 3: The Path of the Dragon,0,289840,76561198057012202
Dracula 4 and  5 - Special Steam Edition,0,279560,76561198057012202
DashBored,0,490860,76561198057012202
Codename Gordon,15,92,76561198057012202
Team Fortress 2,2775,440,76561198057012202
Dota 2,103,570,76561198057012202
Alien Swarm,23,630,76561198057012202
Sam & Max 104: Abe Lincoln Must Die!,165,8230,76561198057012202
Synergy,10,17520,76561198057012202
PC Gamer,24,92500,76561198057012202
Just Cause 2: Multiplayer Mod,126,259080,76561198057012202
